variable;ITEM;ENDUSE;comment
StockShare|Residential|Liquids;ACT_DWEL_OIL;DATA;
StockShare|Residential|Heat;ACT_DWEL_HEAT;DATA;
StockShare|Residential|Gases;ACT_DWEL_GAS;DATA;
StockShare|Residential|Electricity;ACT_DWEL_ELE;DATA;
StockShare|Residential|Biomass;ACT_DWEL_REN;DATA;mapping biofues to biomass
Stock|Residential;ACT_R_AREA;DATA;
Stock|Commercial;ACT_S_AREA;DATA;
FE|Residential|Water heating|Solarthermal;E_SOLTHERM;R_WATER_H;
FE|Residential|Water heating|Liquids;E_OIL;R_WATER_H;
FE|Residential|Water heating|Heat;E_DHEAT;R_WATER_H;
FE|Residential|Water heating|Gases;E_GAS;R_WATER_H;
FE|Residential|Water heating|Electricity;E_ELEC;R_WATER_H;
FE|Residential|Water heating|Coal;E_COAL;R_WATER_H;
FE|Residential|Water heating|Biomass;E_WOOD;R_WATER_H;
FE|Residential|Water heating;E_FINAL;R_WATER_H;
FE|Residential|Space heating|Liquids;E_OIL;R_SPACE_H;
FE|Residential|Space heating|Heat;E_DHEAT;R_SPACE_H;
FE|Residential|Space heating|Gases;E_GAS;R_SPACE_H;
FE|Residential|Space heating|Electricity;E_ELEC;R_SPACE_H;
FE|Residential|Space heating|Coal;E_COAL;R_SPACE_H;
FE|Residential|Space heating|Biomass;E_WOOD;R_SPACE_H;
FE|Residential|Space heating|;E_FINAL;R_SPACE_H;
FE|Residential|Space cooling|Electricity;E_ELEC;R_SPACE_C;
FE|Residential|Space cooling;E_FINAL;R_SPACE_C;
FE|Residential|Liquids;E_OIL;R_TOTAL;
FE|Residential|Heat;E_DHEAT;R_TOTAL;
FE|Residential|Gases;E_GAS;R_TOTAL;
FE|Residential|Electricity;E_ELEC;R_TOTAL;
FE|Residential|Cooking|Liquids;E_OIL;R_COOKING;
FE|Residential|Cooking|Gases;E_GAS;R_COOKING;
FE|Residential|Cooking|Electricity;E_ELEC;R_COOKING;
FE|Residential|Cooking|Coal;E_COAL;R_COOKING;
FE|Residential|Cooking|Biomass;E_WOOD;R_COOKING;
FE|Residential|Cooking;E_FINAL;R_COOKING;
FE|Residential|Coal;E_COAL;R_TOTAL;
FE|Residential|Biomass;E_WOOD;R_TOTAL;
FE|Residential|Appliances and lighting|Electricity;E_ELEC;R_APPLIANC;summing appliances + lighting
FE|Residential|Appliances and lighting|Electricity;E_ELEC;R_LIGHTING;summing appliances + lighting
FE|Residential|Appliances and lighting;E_FINAL;R_APPLIANC;summing appliances + lighting
FE|Residential|Appliances and lighting;E_FINAL;R_LIGHTING;summing appliances + lighting
FE|Residential;E_FINAL;R_TOTAL;
FE|Commercial|Space heating|Liquids;E_OIL;S_SPACE_H;
FE|Commercial|Space heating|Heat;E_DHEAT;S_SPACE_H;
FE|Commercial|Space heating|Gases;E_GAS;S_SPACE_H;
FE|Commercial|Space heating|Electricity;E_ELEC;S_SPACE_H;
FE|Commercial|Space heating|Coal;E_COAL;S_SPACE_H;
FE|Commercial|Space heating|Biomass;E_WOOD;S_SPACE_H;
FE|Commercial|Space heating;E_FINAL;S_SPACE_H;
FE|Commercial|Space cooling|Liquids;E_OIL;S_SPACE_C;
FE|Commercial|Space cooling|Heat;E_DHEAT;S_SPACE_C;
FE|Commercial|Space cooling|Gases;E_GAS;S_SPACE_C;
FE|Commercial|Space cooling|Electricity;E_ELEC;S_SPACE_C;
FE|Commercial|Space cooling;E_FINAL;S_SPACE_C;
FE|Commercial|Space cooling|Biomass;E_WOOD;S_SPACE_C;
FE|Commercial|Liquids;E_OIL;S_ALL;
FE|Commercial|Lighting|Electricity;E_ELEC;S_LIGHTING;
FE|Commercial|Lighting;E_FINAL;S_LIGHTING;
FE|Commercial|Heat;E_DHEAT;S_ALL;
FE|Commercial|Gases;E_GAS;S_ALL;
FE|Commercial|Electricity;E_ELEC;S_ALL;
FE|Commercial|Coal;E_COAL;S_ALL;
FE|Commercial|Biomass;E_WOOD;S_ALL;
FE|Commercial;E_FINAL;S_ALL;
FE|Buildings|ICT|Electricity;E_ELEC;S_IC;
FE|Buildings|ICT;E_FINAL;S_IC;
Emi|CO2|Residential|Water heating|Liquids;C_OIL;R_WATER_H;
Emi|CO2|Residential|Water heating|Heat;C_DHEAT;R_WATER_H;
Emi|CO2|Residential|Water heating|Gases;C_GAS;R_WATER_H;
Emi|CO2|Residential|Water heating|Electricity;C_ELEC;R_WATER_H;
Emi|CO2|Residential|Water heating|Coal;C_COAL;R_WATER_H;
Emi|CO2|Residential|Water heating;C_FINAL;R_WATER_H;
Emi|CO2|Residential|Space heating|Liquids;C_OIL;R_SPACE_H;
Emi|CO2|Residential|Space heating|Heat;C_DHEAT;R_SPACE_H;
Emi|CO2|Residential|Space heating|Gases;C_GAS;R_SPACE_H;
Emi|CO2|Residential|Space heating|Electricity;C_ELEC;R_SPACE_H;
Emi|CO2|Residential|Space heating|Coal;C_COAL;R_SPACE_H;
Emi|CO2|Residential|Space heating;C_FINAL;R_SPACE_H;
Emi|CO2|Residential|Space cooling|Electricity;C_ELEC;R_SPACE_C;
Emi|CO2|Residential|Space cooling;C_FINAL;R_SPACE_C;
Emi|CO2|Residential|Liquids;C_OIL;R_TOTAL;
Emi|CO2|Residential|Heat;C_DHEAT;R_TOTAL;
Emi|CO2|Residential|Gases;C_GAS;R_TOTAL;
Emi|CO2|Residential|Electricity;C_ELEC;R_TOTAL;
Emi|CO2|Residential|Cooking|Liquids;C_OIL;R_COOKING;
Emi|CO2|Residential|Cooking|Gases;C_GAS;R_COOKING;
Emi|CO2|Residential|Cooking|Electricity;C_ELEC;R_COOKING;
Emi|CO2|Residential|Cooking|Coal;C_COAL;R_COOKING;
Emi|CO2|Residential|Cooking;C_FINAL;R_COOKING;
Emi|CO2|Residential|Coal;C_COAL;R_TOTAL;
Emi|CO2|Residential|Appliances and lighting|Electricity;C_ELEC;R_APPLIANC;summing appliances + lighting
Emi|CO2|Residential|Appliances and lighting|Electricity;C_ELEC;R_LIGHTING;summing appliances + lighting
Emi|CO2|Residential|Appliances and lighting;C_FINAL;R_APPLIANC;summing appliances + lighting
Emi|CO2|Residential|Appliances and lighting;C_FINAL;R_LIGHTING;summing appliances + lighting
Emi|CO2|Residential;C_FINAL;R_TOTAL;
Emi|CO2|Commercial|Liquids;C_OIL;S_ALL;
Emi|CO2|Commercial|Heat;C_DHEAT;S_ALL;
Emi|CO2|Commercial|Gases;C_GAS;S_ALL;
Emi|CO2|Commercial|Electricity;C_ELEC;S_ALL;
Emi|CO2|Commercial|Space heating|Liquids;C_OIL;S_SPACE_H;
Emi|CO2|Commercial|Space heating|Heat;C_DHEAT;S_SPACE_H;
Emi|CO2|Commercial|Space heating|Gases;C_GAS;S_SPACE_H;
Emi|CO2|Commercial|Space heating|Electricity;C_ELEC;S_SPACE_H;
Emi|CO2|Commercial|Space heating|Coal;C_COAL;S_SPACE_H;
Emi|CO2|Commercial|Space heating|Biomass;C_WOOD;S_SPACE_H;
Emi|CO2|Commercial|Space heating;C_FINAL;S_SPACE_H;
Emi|CO2|Commercial|Space cooling|Liquids;C_OIL;S_SPACE_C;
Emi|CO2|Commercial|Space cooling|Heat;C_DHEAT;S_SPACE_C;
Emi|CO2|Commercial|Space cooling|Gases;C_GAS;S_SPACE_C;
Emi|CO2|Commercial|Space cooling|Electricity;C_ELEC;S_SPACE_C;
Emi|CO2|Commercial|Space cooling|Biomass;C_WOOD;S_SPACE_C;
Emi|CO2|Commercial|Space cooling;C_FINAL;S_SPACE_C;
Emi|CO2|Commercial|Lighting|Electricity;C_ELEC;S_LIGHTING;
Emi|CO2|Commercial|Lighting;C_FINAL;S_LIGHTING;
Emi|CO2|Commercial|Coal;C_COAL;S_ALL;
Emi|CO2|Commercial|Biomass;C_WOOD;S_ALL;
Emi|CO2|Commercial;C_FINAL;S_ALL;
;C_FINAL;AIR;
;C_JETF;AIR;
;C_OTHER;AIR;
;E_FINAL;AIR;
;E_JETF;AIR;
;E_OTHER;AIR;
;ACT_C_DDAYS;DATA;
;ACT_CEMENT;DATA;
;ACT_H_DDAYS;DATA;
;ACT_POP;DATA;
;ACT_S_EMPLOY;DATA;
;ACT_STEEL;DATA;
;ACT_TKM;F_AIR;
;C_JETF;F_AIR;
;CI_PC;F_AIR;
;CI_TKM;F_AIR;
;E_FINAL;F_AIR;
;E_JETF;F_AIR;
;EI_PC;F_AIR;
;EI_TKM;F_AIR;
;EI_TKM_PC;F_AIR;
;C_FINAL;F_AIR ;
;ACT_VST;F_LTRUCKS;
;ACT_TKM;F_RAIL;
;ACT_VKM;F_RAIL;
;ACT_VST;F_RAIL;
;C_DIESEL;F_RAIL;
;C_ELEC;F_RAIL;
;C_FINAL;F_RAIL;
;C_OTHER;F_RAIL;
;CI_PC;F_RAIL;
;CI_TKM;F_RAIL;
;CI_VKM;F_RAIL;
;E_DIESEL;F_RAIL;
;E_ELEC;F_RAIL;
;E_FINAL;F_RAIL;
;EI_LOAD_F;F_RAIL;
;EI_PC;F_RAIL;
;EI_TKM;F_RAIL;
;EI_TKM_PC;F_RAIL;
;EI_VKM;F_RAIL;
;EI_VKM_PC;F_RAIL;
;EI_VUSE;F_RAIL;
;E_OTHER;F_RAIL ;
;ACT_TKM;F_TOTAL;
;C_COAL;F_TOTAL;
;C_DIESEL;F_TOTAL;
;C_ELEC;F_TOTAL;
;C_FINAL;F_TOTAL;
;C_GAS;F_TOTAL;
;C_GASOL;F_TOTAL;
;C_HFO;F_TOTAL;
;C_JETF;F_TOTAL;
;C_LPG;F_TOTAL;
;C_OTHER;F_TOTAL;
;CI_PC;F_TOTAL;
;CI_TKM;F_TOTAL;
;E_COAL;F_TOTAL;
;E_DIESEL;F_TOTAL;
;E_ELEC;F_TOTAL;
;E_FINAL;F_TOTAL;
;E_GAS;F_TOTAL;
;E_GASOL;F_TOTAL;
;E_HFO;F_TOTAL;
;E_JETF;F_TOTAL;
;E_LPG;F_TOTAL;
;E_OTHER;F_TOTAL;
;EI_PC;F_TOTAL;
;EI_TKM;F_TOTAL;
;EI_TKM_PC;F_TOTAL;
;ACT_TKM;F_TRUCKS;
;ACT_VKM;F_TRUCKS;
;ACT_VST;F_TRUCKS;
;C_DIESEL;F_TRUCKS;
;C_ELEC;F_TRUCKS;
;C_FINAL;F_TRUCKS;
;C_GAS;F_TRUCKS;
;C_GASOL;F_TRUCKS;
;C_LPG;F_TRUCKS;
;C_OTHER;F_TRUCKS;
;CI_PC;F_TRUCKS;
;CI_TKM;F_TRUCKS;
;CI_VKM;F_TRUCKS;
;E_DIESEL;F_TRUCKS;
;E_ELEC;F_TRUCKS;
;E_FINAL;F_TRUCKS;
;E_GAS;F_TRUCKS;
;E_GASOL;F_TRUCKS;
;E_LPG;F_TRUCKS;
;E_OTHER;F_TRUCKS;
;EI_FUEL_INT;F_TRUCKS;
;EI_LOAD_F;F_TRUCKS;
;EI_PC;F_TRUCKS;
;EI_TKM;F_TRUCKS;
;EI_TKM_PC;F_TRUCKS;
;EI_VKM;F_TRUCKS;
;EI_VKM_PC;F_TRUCKS;
;EI_VUSE;F_TRUCKS;
;ACT_TKM;F_WATER;
;C_COAL;F_WATER;
;C_DIESEL;F_WATER;
;C_FINAL;F_WATER;
;C_GAS;F_WATER;
;C_GASOL;F_WATER;
;C_HFO;F_WATER;
;C_OTHER;F_WATER;
;CI_PC;F_WATER;
;CI_TKM;F_WATER;
;E_COAL;F_WATER;
;E_DIESEL;F_WATER;
;E_FINAL;F_WATER;
;E_GAS;F_WATER;
;E_GASOL;F_WATER;
;E_HFO;F_WATER;
;E_OTHER;F_WATER;
;EI_PC;F_WATER;
;EI_TKM;F_WATER;
;EI_TKM_PC;F_WATER;
;EI_VUSE;F_WATER;
;EI_LOAD_F;F_WATER ;
;ACT_GDP_P;M_CARS;
;C_COAL;M_CARS;
;C_DHEAT;M_CARS;
;C_ELEC;M_CARS;
;C_FINAL;M_CARS;
;C_GAS;M_CARS;
;C_OIL;M_CARS;
;C_WOOD;M_CARS;
;CI_GDP;M_CARS;
;E_COAL;M_CARS;
;E_DHEAT;M_CARS;
;E_ELEC;M_CARS;
;E_FINAL;M_CARS;
;E_GAS;M_CARS;
;E_OIL;M_CARS;
;E_OTHER;M_CARS;
;E_WOOD;M_CARS;
;EI_GDP;M_CARS;
;C_COAL;M_CEMENT;
;C_DHEAT;M_CEMENT;
;C_ELEC;M_CEMENT;
;C_FINAL;M_CEMENT;
;C_GAS;M_CEMENT;
;C_OIL;M_CEMENT;
;C_WOOD;M_CEMENT;
;CI_PHYSICAL;M_CEMENT;
;E_COAL;M_CEMENT;
;E_DHEAT;M_CEMENT;
;E_ELEC;M_CEMENT;
;E_FINAL;M_CEMENT;
;E_GAS;M_CEMENT;
;E_OIL;M_CEMENT;
;E_OTHER;M_CEMENT;
;E_WOOD;M_CEMENT;
;EI_PHYSICAL;M_CEMENT;
;ACT_GDP_P;M_FERROUS;
;C_COAL;M_FERROUS;
;C_DHEAT;M_FERROUS;
;C_ELEC;M_FERROUS;
;C_FINAL;M_FERROUS;
;C_GAS;M_FERROUS;
;C_WOOD;M_FERROUS;
;CI_GDP;M_FERROUS;
;CI_PHYSICAL;M_FERROUS;
;E_COAL;M_FERROUS;
;E_DHEAT;M_FERROUS;
;E_ELEC;M_FERROUS;
;E_FINAL;M_FERROUS;
;E_GAS;M_FERROUS;
;E_OIL;M_FERROUS;
;E_WOOD;M_FERROUS;
;EI_GDP;M_FERROUS;
;EI_PHYSICAL;M_FERROUS;
;C_OIL;M_FERROUS ;
;E_OTHER;M_FERROUS ;
;ACT_GDP_P;M_FOOD;
;C_COAL;M_FOOD;
;C_DHEAT;M_FOOD;
;C_ELEC;M_FOOD;
;C_FINAL;M_FOOD;
;C_GAS;M_FOOD;
;C_OIL;M_FOOD;
;C_WOOD;M_FOOD;
;CI_GDP;M_FOOD;
;E_COAL;M_FOOD;
;E_ELEC;M_FOOD;
;E_FINAL;M_FOOD;
;E_GAS;M_FOOD;
;E_OTHER;M_FOOD;
;E_WOOD;M_FOOD;
;EI_GDP;M_FOOD;
;E_DHEAT;M_FOOD ;
;E_OIL;M_FOOD ;
;ACT_GDP_P;M_INDCHEMS;
;C_COAL;M_INDCHEMS;
;C_DHEAT;M_INDCHEMS;
;C_ELEC;M_INDCHEMS;
;C_FINAL;M_INDCHEMS;
;C_GAS;M_INDCHEMS;
;C_OIL;M_INDCHEMS;
;C_WOOD;M_INDCHEMS;
;CI_GDP;M_INDCHEMS;
;E_COAL;M_INDCHEMS;
;E_DHEAT;M_INDCHEMS;
;E_FINAL;M_INDCHEMS;
;E_GAS;M_INDCHEMS;
;E_OIL;M_INDCHEMS;
;E_OTHER;M_INDCHEMS;
;E_WOOD;M_INDCHEMS;
;EI_GDP;M_INDCHEMS;
;E_ELEC;M_INDCHEMS ;
;ACT_GDP_P;M_MACHINE;
;C_COAL;M_MACHINE;
;C_DHEAT;M_MACHINE;
;C_ELEC;M_MACHINE;
;C_FINAL;M_MACHINE;
;C_GAS;M_MACHINE;
;C_OIL;M_MACHINE;
;C_WOOD;M_MACHINE;
;CI_GDP;M_MACHINE;
;E_COAL;M_MACHINE;
;E_DHEAT;M_MACHINE;
;E_ELEC;M_MACHINE;
;E_FINAL;M_MACHINE;
;E_GAS;M_MACHINE;
;E_OIL;M_MACHINE;
;E_OTHER;M_MACHINE;
;E_WOOD;M_MACHINE;
;EI_GDP;M_MACHINE;
;ACT_GDP_P;M_METALS;
;C_COAL;M_METALS;
;C_ELEC;M_METALS;
;C_FINAL;M_METALS;
;C_GAS;M_METALS;
;C_OIL;M_METALS;
;C_WOOD;M_METALS;
;CI_GDP;M_METALS;
;E_COAL;M_METALS;
;E_DHEAT;M_METALS;
;E_ELEC;M_METALS;
;E_FINAL;M_METALS;
;E_GAS;M_METALS;
;E_OIL;M_METALS;
;E_OTHER;M_METALS;
;E_WOOD;M_METALS;
;EI_GDP;M_METALS;
;C_DHEAT;M_METALS ;
;ACT_GDP_P;M_NONFERRO;
;C_COAL;M_NONFERRO;
;C_DHEAT;M_NONFERRO;
;C_ELEC;M_NONFERRO;
;C_FINAL;M_NONFERRO;
;C_GAS;M_NONFERRO;
;C_OIL;M_NONFERRO;
;C_WOOD;M_NONFERRO;
;CI_GDP;M_NONFERRO;
;E_COAL;M_NONFERRO;
;E_DHEAT;M_NONFERRO;
;E_ELEC;M_NONFERRO;
;E_FINAL;M_NONFERRO;
;E_GAS;M_NONFERRO;
;E_OIL;M_NONFERRO;
;E_OTHER;M_NONFERRO;
;E_WOOD;M_NONFERRO;
;EI_GDP;M_NONFERRO;
;ACT_GDP_P;M_NONMETAL;
;C_COAL;M_NONMETAL;
;C_DHEAT;M_NONMETAL;
;C_ELEC;M_NONMETAL;
;C_FINAL;M_NONMETAL;
;C_GAS;M_NONMETAL;
;C_OIL;M_NONMETAL;
;C_WOOD;M_NONMETAL;
;CI_GDP;M_NONMETAL;
;E_COAL;M_NONMETAL;
;E_DHEAT;M_NONMETAL;
;E_ELEC;M_NONMETAL;
;E_FINAL;M_NONMETAL;
;E_OIL;M_NONMETAL;
;E_OTHER;M_NONMETAL;
;E_WOOD;M_NONMETAL;
;EI_GDP;M_NONMETAL;
;E_GAS;M_NONMETAL ;
;C_COAL;M_NONSPEC;
;C_DHEAT;M_NONSPEC;
;C_FINAL;M_NONSPEC;
;C_GAS;M_NONSPEC;
;C_OIL;M_NONSPEC;
;C_WOOD;M_NONSPEC;
;E_COAL;M_NONSPEC;
;E_DHEAT;M_NONSPEC;
;E_ELEC;M_NONSPEC;
;E_GAS;M_NONSPEC;
;E_OIL;M_NONSPEC;
;E_OTHER;M_NONSPEC;
;E_WOOD;M_NONSPEC;
;C_ELEC;M_NONSPEC ;
;E_FINAL;M_NONSPEC ;
;ACT_GDP_P;M_OTHERS;
;C_COAL;M_OTHERS;
;C_DHEAT;M_OTHERS;
;C_ELEC;M_OTHERS;
;C_FINAL;M_OTHERS;
;C_GAS;M_OTHERS;
;C_OIL;M_OTHERS;
;C_WOOD;M_OTHERS;
;CI_GDP;M_OTHERS;
;E_DHEAT;M_OTHERS;
;E_ELEC;M_OTHERS;
;E_FINAL;M_OTHERS;
;E_GAS;M_OTHERS;
;E_OIL;M_OTHERS;
;E_OTHER;M_OTHERS;
;E_WOOD;M_OTHERS;
;EI_GDP;M_OTHERS;
;E_COAL;M_OTHERS ;
;ACT_GDP_P;M_PAPPRINT;
;C_COAL;M_PAPPRINT;
;C_DHEAT;M_PAPPRINT;
;C_ELEC;M_PAPPRINT;
;C_FINAL;M_PAPPRINT;
;C_GAS;M_PAPPRINT;
;C_OIL;M_PAPPRINT;
;C_WOOD;M_PAPPRINT;
;CI_GDP;M_PAPPRINT;
;E_COAL;M_PAPPRINT;
;E_DHEAT;M_PAPPRINT;
;E_ELEC;M_PAPPRINT;
;E_FINAL;M_PAPPRINT;
;E_GAS;M_PAPPRINT;
;E_OIL;M_PAPPRINT;
;E_OTHER;M_PAPPRINT;
;E_WOOD;M_PAPPRINT;
;EI_GDP;M_PAPPRINT;
;C_COAL;M_REFINING;
;C_DHEAT;M_REFINING;
;C_ELEC;M_REFINING;
;C_FINAL;M_REFINING;
;C_GAS;M_REFINING;
;C_OIL;M_REFINING;
;CI_GDP;M_REFINING;
;E_COAL;M_REFINING;
;E_DHEAT;M_REFINING;
;E_ELEC;M_REFINING;
;E_FINAL;M_REFINING;
;E_GAS;M_REFINING;
;E_OIL;M_REFINING;
;E_OTHER;M_REFINING;
;E_WOOD;M_REFINING;
;EI_GDP;M_REFINING;
;ACT_GDP_P;M_REFINING ;
;C_WOOD;M_REFINING ;
;ACT_GDP_P;M_RUBPLAST;
;C_COAL;M_RUBPLAST;
;C_DHEAT;M_RUBPLAST;
;C_ELEC;M_RUBPLAST;
;C_FINAL;M_RUBPLAST;
;C_GAS;M_RUBPLAST;
;C_OIL;M_RUBPLAST;
;C_WOOD;M_RUBPLAST;
;CI_GDP;M_RUBPLAST;
;E_COAL;M_RUBPLAST;
;E_DHEAT;M_RUBPLAST;
;E_ELEC;M_RUBPLAST;
;E_FINAL;M_RUBPLAST;
;E_GAS;M_RUBPLAST;
;E_OIL;M_RUBPLAST;
;E_OTHER;M_RUBPLAST;
;E_WOOD;M_RUBPLAST;
;EI_GDP;M_RUBPLAST;
;ACT_GDP_P;M_TEXTILE;
;C_COAL;M_TEXTILE;
;C_DHEAT;M_TEXTILE;
;C_ELEC;M_TEXTILE;
;C_FINAL;M_TEXTILE;
;C_GAS;M_TEXTILE;
;C_OIL;M_TEXTILE;
;C_WOOD;M_TEXTILE;
;CI_GDP;M_TEXTILE;
;E_COAL;M_TEXTILE;
;E_DHEAT;M_TEXTILE;
;E_ELEC;M_TEXTILE;
;E_FINAL;M_TEXTILE;
;E_GAS;M_TEXTILE;
;E_OIL;M_TEXTILE;
;E_OTHER;M_TEXTILE;
;E_WOOD;M_TEXTILE;
;EI_GDP;M_TEXTILE;
;ACT_GDP_P;M_TOTAL;
;C_COAL;M_TOTAL;
;C_DHEAT;M_TOTAL;
;C_ELEC;M_TOTAL;
;C_FINAL;M_TOTAL;
;C_GAS;M_TOTAL;
;C_OIL;M_TOTAL;
;C_WOOD;M_TOTAL;
;CI_GDP;M_TOTAL;
;E_COAL;M_TOTAL;
;E_DHEAT;M_TOTAL;
;E_ELEC;M_TOTAL;
;E_FINAL;M_TOTAL;
;E_GAS;M_TOTAL;
;E_OIL;M_TOTAL;
;E_OTHER;M_TOTAL;
;E_WOOD;M_TOTAL;
;EI_GDP;M_TOTAL;
;ACT_GDP_P;M_WOOD;
;C_COAL;M_WOOD;
;C_DHEAT;M_WOOD;
;C_ELEC;M_WOOD;
;C_FINAL;M_WOOD;
;C_GAS;M_WOOD;
;C_OIL;M_WOOD;
;C_WOOD;M_WOOD;
;CI_GDP;M_WOOD;
;E_COAL;M_WOOD;
;E_DHEAT;M_WOOD;
;E_ELEC;M_WOOD;
;E_FINAL;M_WOOD;
;E_GAS;M_WOOD;
;E_OIL;M_WOOD;
;E_OTHER;M_WOOD;
;E_WOOD;M_WOOD;
;EI_GDP;M_WOOD ;
;ACT_GDP_P;O_AGROFISH;
;C_COAL;O_AGROFISH;
;C_DHEAT;O_AGROFISH;
;C_ELEC;O_AGROFISH;
;C_FINAL;O_AGROFISH;
;C_GAS;O_AGROFISH;
;C_OIL;O_AGROFISH;
;C_WOOD;O_AGROFISH;
;CI_GDP;O_AGROFISH;
;E_COAL;O_AGROFISH;
;E_DHEAT;O_AGROFISH;
;E_ELEC;O_AGROFISH;
;E_FINAL;O_AGROFISH;
;E_GAS;O_AGROFISH;
;E_OIL;O_AGROFISH;
;E_OTHER;O_AGROFISH;
;E_WOOD;O_AGROFISH;
;EI_GDP;O_AGROFISH;
;ACT_GDP_P;O_CONSTR;
;C_COAL;O_CONSTR;
;C_DHEAT;O_CONSTR;
;C_ELEC;O_CONSTR;
;C_FINAL;O_CONSTR;
;C_GAS;O_CONSTR;
;C_OIL;O_CONSTR;
;C_WOOD;O_CONSTR;
;CI_GDP;O_CONSTR;
;E_COAL;O_CONSTR;
;E_DHEAT;O_CONSTR;
;E_ELEC;O_CONSTR;
;E_FINAL;O_CONSTR;
;E_GAS;O_CONSTR;
;E_OIL;O_CONSTR;
;E_OTHER;O_CONSTR;
;E_WOOD;O_CONSTR;
;EI_GDP;O_CONSTR;
;ACT_GDP_P;O_MINING;
;C_COAL;O_MINING;
;C_DHEAT;O_MINING;
;C_ELEC;O_MINING;
;C_FINAL;O_MINING;
;C_OIL;O_MINING;
;C_WOOD;O_MINING;
;CI_GDP;O_MINING;
;E_COAL;O_MINING;
;E_DHEAT;O_MINING;
;E_ELEC;O_MINING;
;E_FINAL;O_MINING;
;E_GAS;O_MINING;
;E_OIL;O_MINING;
;E_OTHER;O_MINING;
;E_WOOD;O_MINING;
;EI_GDP;O_MINING;
;C_GAS;O_MINING ;
;ACT_PKM;P_AIR;
;C_FINAL;P_AIR;
;C_JETF;P_AIR;
;CI_PC;P_AIR;
;CI_PKM;P_AIR;
;E_FINAL;P_AIR;
;E_JETF;P_AIR;
;E_OTHER;P_AIR;
;EI_LOAD_P;P_AIR;
;EI_PC;P_AIR;
;EI_PKM;P_AIR;
;EI_PKM_PC;P_AIR;
;EI_VUSE;P_AIR;
;ACT_PKM;P_BUS;
;ACT_VKM;P_BUS;
;ACT_VST;P_BUS;
;C_DIESEL;P_BUS;
;C_ELEC;P_BUS;
;C_FINAL;P_BUS;
;C_GAS;P_BUS;
;C_GASOL;P_BUS;
;C_LPG;P_BUS;
;C_OTHER;P_BUS;
;CI_PC;P_BUS;
;CI_PKM;P_BUS;
;CI_VKM;P_BUS;
;E_DIESEL;P_BUS;
;E_ELEC;P_BUS;
;E_FINAL;P_BUS;
;E_GAS;P_BUS;
;E_GASOL;P_BUS;
;E_LPG;P_BUS;
;E_OTHER;P_BUS;
;EI_FUEL_INT;P_BUS;
;EI_LOAD_P;P_BUS;
;EI_PC;P_BUS;
;EI_PKM;P_BUS;
;EI_PKM_PC;P_BUS;
;EI_VKM;P_BUS;
;EI_VKM_PC;P_BUS;
;EI_VUSE;P_BUS;
;ACT_PKM;P_CARS;
;ACT_VKM;P_CARS;
;ACT_VST;P_CARS;
;C_DIESEL;P_CARS;
;C_ELEC;P_CARS;
;C_FINAL;P_CARS;
;C_GAS;P_CARS;
;C_GASOL;P_CARS;
;C_LPG;P_CARS;
;C_OTHER;P_CARS;
;CI_PC;P_CARS;
;CI_PKM;P_CARS;
;E_DIESEL;P_CARS;
;E_ELEC;P_CARS;
;E_FINAL;P_CARS;
;E_GAS;P_CARS;
;E_GASOL;P_CARS;
;E_LPG;P_CARS;
;E_OTHER;P_CARS;
;EI_FUEL_INT;P_CARS;
;EI_LOAD_P;P_CARS;
;EI_PC;P_CARS;
;EI_PKM;P_CARS;
;EI_PKM_PC;P_CARS;
;EI_VKM;P_CARS;
;EI_VKM_PC;P_CARS;
;EI_VUSE;P_CARS;
;CI_VKM;P_CARS ;
;ACT_PKM;P_CRAIL;
;E_ELEC;P_CRAIL;
;E_FINAL;P_CRAIL;
;ACT_PKM;P_HRAIL;
;ACT_PKM;P_MCYCL;
;ACT_VKM;P_MCYCL;
;ACT_VST;P_MCYCL;
;C_FINAL;P_MCYCL;
;C_GASOL;P_MCYCL;
;C_OTHER;P_MCYCL;
;CI_PC;P_MCYCL;
;CI_PKM;P_MCYCL;
;CI_VKM;P_MCYCL;
;E_ELEC;P_MCYCL;
;E_FINAL;P_MCYCL;
;E_GASOL;P_MCYCL;
;E_OTHER;P_MCYCL;
;EI_FUEL_INT;P_MCYCL;
;EI_LOAD_P;P_MCYCL;
;EI_PC;P_MCYCL;
;EI_PKM;P_MCYCL;
;EI_PKM_PC;P_MCYCL;
;EI_VKM;P_MCYCL;
;EI_VKM_PC;P_MCYCL;
;EI_VUSE;P_MCYCL;
;ACT_PKM;P_MLRAIL;
;E_ELEC;P_MLRAIL;
;E_FINAL;P_MLRAIL;
;ACT_VST;P_OCARS;
;ACT_PKM;P_RAIL;
;ACT_VKM;P_RAIL;
;ACT_VST;P_RAIL;
;C_DIESEL;P_RAIL;
;C_ELEC;P_RAIL;
;C_FINAL;P_RAIL;
;C_HFO;P_RAIL;
;CI_PC;P_RAIL;
;CI_PKM;P_RAIL;
;CI_VKM;P_RAIL;
;E_COAL;P_RAIL;
;E_DIESEL;P_RAIL;
;E_ELEC;P_RAIL;
;E_FINAL;P_RAIL;
;E_HFO;P_RAIL;
;E_OTHER;P_RAIL;
;EI_LOAD_P;P_RAIL;
;EI_PC;P_RAIL;
;EI_PKM;P_RAIL;
;EI_PKM_PC;P_RAIL;
;EI_VKM;P_RAIL;
;EI_VKM_PC;P_RAIL;
;EI_VUSE;P_RAIL;
;C_COAL;P_RAIL ;
;C_COAL;P_TOTAL;
;C_DIESEL;P_TOTAL;
;C_ELEC;P_TOTAL;
;C_FINAL;P_TOTAL;
;C_GAS;P_TOTAL;
;C_JETF;P_TOTAL;
;C_LPG;P_TOTAL;
;C_OTHER;P_TOTAL;
;CI_PC;P_TOTAL;
;CI_PKM;P_TOTAL;
;E_COAL;P_TOTAL;
;E_DIESEL;P_TOTAL;
;E_ELEC;P_TOTAL;
;E_FINAL;P_TOTAL;
;E_GAS;P_TOTAL;
;E_GASOL;P_TOTAL;
;E_HFO;P_TOTAL;
;E_JETF;P_TOTAL;
;E_LPG;P_TOTAL;
;E_OTHER;P_TOTAL;
;EI_PC;P_TOTAL;
;EI_PKM;P_TOTAL;
;EI_PKM_PC;P_TOTAL;
;ACT_PKM;P_TOTAL ;
;C_GASOL;P_TOTAL ;
;C_HFO;P_TOTAL ;
;ACT_PKM;P_WATER;
;C_DIESEL;P_WATER;
;C_FINAL;P_WATER;
;C_GASOL;P_WATER;
;C_HFO;P_WATER;
;CI_PC;P_WATER;
;CI_PKM;P_WATER;
;E_DIESEL;P_WATER;
;E_FINAL;P_WATER;
;E_GASOL;P_WATER;
;E_HFO;P_WATER;
;EI_LOAD_P;P_WATER;
;EI_PC;P_WATER;
;EI_PKM;P_WATER;
;EI_VUSE;P_WATER;
;EI_PKM_PC;P_WATER ;
;ACT_STOCK;R_CLOTH_D;
;C_ELEC;R_CLOTH_D;
;C_FINAL;R_CLOTH_D;
;C_OTHER;R_CLOTH_D;
;CI_PC;R_CLOTH_D;
;CI_PD;R_CLOTH_D;
;CI_PU;R_CLOTH_D;
;E_ELEC;R_CLOTH_D;
;E_FINAL;R_CLOTH_D;
;E_OTHER;R_CLOTH_D;
;EI_PC;R_CLOTH_D;
;EI_PD;R_CLOTH_D;
;EI_PU;R_CLOTH_D;
;ACT_STOCK;R_CLOTH_W;
;C_ELEC;R_CLOTH_W;
;C_FINAL;R_CLOTH_W;
;CI_PC;R_CLOTH_W;
;CI_PD;R_CLOTH_W;
;CI_PU;R_CLOTH_W;
;E_ELEC;R_CLOTH_W;
;E_FINAL;R_CLOTH_W;
;E_OTHER;R_CLOTH_W;
;EI_PC;R_CLOTH_W;
;EI_PD;R_CLOTH_W;
;EI_PU;R_CLOTH_W;
;ACT_STOCK;R_DISH_W;
;C_ELEC;R_DISH_W;
;C_FINAL;R_DISH_W;
;CI_PC;R_DISH_W;
;CI_PU;R_DISH_W;
;E_ELEC;R_DISH_W;
;E_FINAL;R_DISH_W;
;EI_PC;R_DISH_W;
;EI_PD;R_DISH_W;
;EI_PU;R_DISH_W;
;CI_PD;R_DISH_W ;
;ACT_STOCK;R_FREEZER;
;C_ELEC;R_FREEZER;
;C_FINAL;R_FREEZER;
;CI_PC;R_FREEZER;
;CI_PD;R_FREEZER;
;CI_PU;R_FREEZER;
;E_ELEC;R_FREEZER;
;E_FINAL;R_FREEZER;
;EI_PC;R_FREEZER;
;EI_PD;R_FREEZER;
;EI_PU;R_FREEZER;
;C_COAL;R_NONSPEC;
;C_DHEAT;R_NONSPEC;
;C_ELEC;R_NONSPEC;
;C_FINAL;R_NONSPEC;
;C_GAS;R_NONSPEC;
;C_OIL;R_NONSPEC;
;E_COAL;R_NONSPEC;
;E_DHEAT;R_NONSPEC;
;E_ELEC;R_NONSPEC;
;E_GAS;R_NONSPEC;
;E_OIL;R_NONSPEC;
;E_OTHER;R_NONSPEC;
;E_WOOD;R_NONSPEC;
;E_FINAL;R_NONSPEC ;
;C_ELEC;R_OTHER;
;C_FINAL;R_OTHER;
;CI_PC;R_OTHER;
;CI_PD;R_OTHER;
;E_ELEC;R_OTHER;
;E_FINAL;R_OTHER;
;E_OTHER;R_OTHER;
;EI_PD;R_OTHER;
;EI_PC;R_OTHER ;
;ACT_STOCK;R_PC;
;C_ELEC;R_PC;
;C_FINAL;R_PC;
;CI_PC;R_PC;
;CI_PD;R_PC;
;CI_PU;R_PC;
;E_ELEC;R_PC;
;E_FINAL;R_PC;
;EI_PC;R_PC;
;EI_PD;R_PC;
;EI_PU;R_PC;
;ACT_POWER;R_PV;
;ACT_STOCK;R_REFFREEZ;
;C_ELEC;R_REFFREEZ;
;CI_PC;R_REFFREEZ;
;CI_PD;R_REFFREEZ;
;CI_PU;R_REFFREEZ;
;E_ELEC;R_REFFREEZ;
;E_FINAL;R_REFFREEZ;
;EI_PC;R_REFFREEZ;
;EI_PD;R_REFFREEZ;
;EI_PU;R_REFFREEZ;
;C_FINAL;R_REFFREEZ ;
;ACT_STOCK;R_REFRIG;
;C_ELEC;R_REFRIG;
;C_FINAL;R_REFRIG;
;CI_PC;R_REFRIG;
;CI_PD;R_REFRIG;
;CI_PU;R_REFRIG;
;E_ELEC;R_REFRIG;
;E_FINAL;R_REFRIG;
;EI_PC;R_REFRIG;
;EI_PD;R_REFRIG;
;EI_PU;R_REFRIG;
;ACT_STOCK;R_SOLTHERM;
;C_ELEC;R_TV;
;C_FINAL;R_TV;
;CI_PC;R_TV;
;CI_PD;R_TV;
;CI_PU;R_TV;
;E_ELEC;R_TV;
;E_FINAL;R_TV;
;EI_PC;R_TV;
;EI_PD;R_TV;
;EI_PU;R_TV;
;ACT_STOCK;R_TV ;
;C_COAL;RAIL;
;C_DIESEL;RAIL;
;C_ELEC;RAIL;
;C_FINAL;RAIL;
;C_HFO;RAIL;
;C_OTHER;RAIL;
;E_COAL;RAIL;
;E_DIESEL;RAIL;
;E_ELEC;RAIL;
;E_FINAL;RAIL;
;E_HFO;RAIL;
;E_OTHER;RAIL;
;C_DIESEL;ROAD;
;C_ELEC;ROAD;
;C_FINAL;ROAD;
;C_GAS;ROAD;
;C_GASOL;ROAD;
;C_LPG;ROAD;
;C_OTHER;ROAD;
;E_DIESEL;ROAD;
;E_ELEC;ROAD;
;E_FINAL;ROAD;
;E_GAS;ROAD;
;E_GASOL;ROAD;
;E_LPG;ROAD;
;E_OTHER;ROAD;
;E_ELEC;S_ARTS;
;E_OTHER;S_ARTS;
;E_FINAL;S_ARTS ;
;E_ELEC;S_EDU;
;E_FINAL;S_EDU;
;E_OTHER;S_EDU;
;C_ELEC;S_GENERIC;
;C_FINAL;S_GENERIC;
;C_GAS;S_GENERIC;
;C_OIL;S_GENERIC;
;E_ELEC;S_GENERIC;
;E_FINAL;S_GENERIC;
;E_GAS;S_GENERIC;
;E_OIL;S_GENERIC;
;E_OTHER;S_GENERIC;
;E_WOOD;S_GENERIC;
;E_ELEC;S_HEALTH;
;E_FINAL;S_HEALTH;
;E_OTHER;S_HEALTH;
;C_COAL;S_NONSPEC;
;C_ELEC;S_NONSPEC;
;C_FINAL;S_NONSPEC;
;C_GAS;S_NONSPEC;
;C_OIL;S_NONSPEC;
;C_WOOD;S_NONSPEC;
;E_COAL;S_NONSPEC;
;E_DHEAT;S_NONSPEC;
;E_ELEC;S_NONSPEC;
;E_FINAL;S_NONSPEC;
;E_GAS;S_NONSPEC;
;E_OIL;S_NONSPEC;
;E_OTHER;S_NONSPEC;
;E_WOOD;S_NONSPEC;
;C_DHEAT;S_NONSPEC ;
;E_ELEC;S_OFFICE;
;E_FINAL;S_OFFICE;
;E_OTHER;S_OFFICE;
;E_ELEC;S_OTHER;
;E_FINAL;S_OTHER;
;E_OTHER;S_OTHER;
;E_ELEC;S_PUBLIC;
;E_FINAL;S_PUBLIC;
;E_OTHER;S_PUBLIC;
;E_ELEC;S_RETAIL;
;E_FINAL;S_RETAIL;
;E_OTHER;S_RETAIL;
;E_ELEC;S_SEWWASTE;
;E_FINAL;S_SEWWASTE;
;E_OTHER;S_SEWWASTE ;
;E_ELEC;S_WARETRA;
;E_FINAL;S_WARETRA;
;E_OTHER;S_WARETRA;
;E_ELEC;S_ACCFOOD;
;E_FINAL;S_ACCFOOD;
;ACT_DWEL_OCC;DATA;
;ACT_STOCK;R_AC;
;C_OTHER;R_APPLIANC;
;CI_PC;R_APPLIANC;
;CI_PD;R_APPLIANC;
;E_OTHER;R_APPLIANC;
;EI_PC;R_APPLIANC;
;EI_PD;R_APPLIANC;
;CI_FA;R_COOKING;
;CI_PC;R_COOKING;
;CI_PD;R_COOKING;
;E_OTHER;R_COOKING;
;EI_FA;R_COOKING;
;EI_PC;R_COOKING;
;EI_PD;R_COOKING;
;ACT_STOCK;R_HEATPUMP;
;CI_FA;R_LIGHTING;
;CI_PC;R_LIGHTING;
;CI_PD;R_LIGHTING;
;E_OTHER;R_LIGHTING;
;EI_FA;R_LIGHTING;
;EI_PC;R_LIGHTING;
;EI_PD;R_LIGHTING;
;CI_FA;R_SPACE_C;
;CI_PC;R_SPACE_C;
;CI_PD;R_SPACE_C;
;E_OTHER;R_SPACE_C;
;EI_FA;R_SPACE_C;
;EI_FA_TC;R_SPACE_C;
;EI_PC;R_SPACE_C;
;EI_PD;R_SPACE_C;
;EI_PD_TC;R_SPACE_C;
;CI_FA;R_SPACE_H;
;CI_PC;R_SPACE_H;
;CI_PD;R_SPACE_H;
;E_OTHER;R_SPACE_H;
;EI_FA;R_SPACE_H;
;EI_FA_TC;R_SPACE_H;
;EI_PC;R_SPACE_H;
;EI_PD;R_SPACE_H;
;EI_PD_TC;R_SPACE_H;
;C_OTHER;R_TOTAL;
;CI_FA;R_TOTAL;
;CI_PC;R_TOTAL;
;CI_PD;R_TOTAL;
;E_OTHER;R_TOTAL;
;EI_FA;R_TOTAL;
;EI_FA_TC;R_TOTAL;
;EI_PC;R_TOTAL;
;EI_PD_TC;R_TOTAL;
;EI_PD;R_TOTAL ;
;CI_FA;R_WATER_H;
;CI_PD;R_WATER_H;
;EI_FA;R_WATER_H;
;EI_PC;R_WATER_H;
;EI_PD;R_WATER_H;
;CI_PC;R_WATER_H ;
;E_OTHER;R_WATER_H ;
;E_OTHER;S_ACCFOOD;
;ACT_GDP_P;S_ALL;
;CI_FA;S_ALL;
;CI_GDP;S_ALL;
;CI_PC;S_ALL;
;CI_PE;S_ALL;
;E_OTHER;S_ALL;
;EI_FA;S_ALL;
;EI_FA_TC;S_ALL;
;EI_GDP;S_ALL;
;EI_PC;S_ALL;
;EI_PE;S_ALL;
;E_OTHER;S_IC;
;CI_FA;S_LIGHTING;
;CI_PC;S_LIGHTING;
;CI_PE;S_LIGHTING;
;EI_FA;S_LIGHTING;
;EI_PC;S_LIGHTING;
;EI_PE;S_LIGHTING;
;CI_FA;S_SPACE_C;
;CI_PC;S_SPACE_C;
;CI_PE;S_SPACE_C;
;EI_FA;S_SPACE_C;
;EI_FA_TC;S_SPACE_C;
;EI_PC;S_SPACE_C;
;EI_PE;S_SPACE_C;
;CI_FA;S_SPACE_H;
;CI_PC;S_SPACE_H;
;CI_PE;S_SPACE_H;
;E_OTHER;S_SPACE_H;
;EI_FA;S_SPACE_H;
;EI_FA_TC;S_SPACE_H;
;EI_PC;S_SPACE_H;
;EI_PE;S_SPACE_H ;
;C_COAL;TOTAL;
;C_DIESEL;TOTAL;
;C_ELEC;TOTAL;
;C_FINAL;TOTAL;
;C_GAS;TOTAL;
;C_GASOL;TOTAL;
;C_HFO;TOTAL;
;C_JETF;TOTAL;
;C_LPG;TOTAL;
;C_OTHER;TOTAL;
;CI_PC;TOTAL;
;E_COAL;TOTAL;
;E_ELEC;TOTAL;
;E_FINAL;TOTAL;
;E_GASOL;TOTAL;
;E_HFO;TOTAL;
;E_JETF;TOTAL;
;E_LPG;TOTAL;
;E_OTHER;TOTAL;
;EI_PC;TOTAL;
;E_DIESEL;TOTAL ;
;E_GAS;TOTAL ;
;C_COAL;WATER;
;C_DIESEL;WATER;
;C_FINAL;WATER;
;C_GAS;WATER;
;C_GASOL;WATER;
;C_HFO;WATER;
;C_OTHER;WATER;
;E_COAL;WATER;
;E_DIESEL;WATER;
;E_FINAL;WATER;
;E_GAS;WATER;
;E_GASOL;WATER;
;E_HFO;WATER;
;E_OTHER;WATER;
